{
  "ref": "refs/heads/test",
  "before": "0000000000000000000000000000000000000000",
  "after": "fd2696fdb0c38d7a2bb4478b62423a701ad8f5fc",
  "created": true,
  "deleted": false,
  "forced": true,
  "base_ref": null,
  "compare": "https://github.com/txgh-bot/txgh-test-resources/commit/fd2696fdb0c3",
  "commits": [
    {
      "id": "fd2696fdb0c38d7a2bb4478b62423a701ad8f5fc",
      "distinct": true,
      "message": "Testing branch functionality",
      "timestamp": "2015-10-10T22:03:14-07:00",
      "url": "https://github.com/txgh-bot/txgh-test-resources/commit/fd2696fdb0c38d7a2bb4478b62423a701ad8f5fc",
      "author": {
        "name": "Txgh Bot",
        "email": "txgh.bot@gmail.com",
        "username": "txgh-bot"
      },
      "committer": {
        "name": "Txgh Bot",
        "email": "txgh.bot@gmail.com",
        "username": "txgh-bot"
      },
      "added": [

      ],
      "removed": [

      ],
      "modified": [
        "sample.po"
      ]
    }
  ],
  "head_commit": {
    "id": "fd2696fdb0c38d7a2bb4478b62423a701ad8f5fc",
    "distinct": true,
    "message": "Testing branch functionality",
    "timestamp": "2015-10-10T22:03:14-07:00",
    "url": "https://github.com/txgh-bot/txgh-test-resources/commit/fd2696fdb0c38d7a2bb4478b62423a701ad8f5fc",
    "author": {
      "name": "Txgh Bot",
      "email": "txgh.bot@gmail.com",
      "username": "txgh-bot"
    },
    "committer": {
      "name": "Txgh Bot",
      "email": "txgh.bot@gmail.com",
      "username": "txgh-bot"
    },
    "added": [

    ],
    "removed": [

    ],
    "modified": [
      "sample.po"
    ]
  },
  "repository": {
    "id": 41740726,
    "name": "txgh-test-resources",
    "full_name": "txgh-bot/txgh-test-resources",
    "owner": {
      "name": "txgh-bot",
      "email": "txgh.bot@gmail.com"
    },
    "private": false,
    "html_url": "https://github.com/txgh-bot/txgh-test-resources",
    "description": "Translation test repo for txgh",
    "fork": false,
    "url": "https://github.com/txgh-bot/txgh-test-resources",
    "forks_url": "https://api.github.com/repos/txgh-bot/txgh-test-resources/forks",
    "keys_url": "https://api.github.com/repos/txgh-bot/txgh-test-resources/keys{/key_id}",
    "collaborators_url": "https://api.github.com/repos/txgh-bot/txgh-test-resources/collaborators{/collaborator}",
    "teams_url": "https://api.github.com/repos/txgh-bot/txgh-test-resources/teams",
    "hooks_url": "https://api.github.com/repos/txgh-bot/txgh-test-resources/hooks",
    "issue_events_url": "https://api.github.com/repos/txgh-bot/txgh-test-resources/issues/events{/number}",
    "events_url": "https://api.github.com/repos/txgh-bot/txgh-test-resources/events",
    "assignees_url": "https://api.github.com/repos/txgh-bot/txgh-test-resources/assignees{/user}",
    "branches_url": "https://api.github.com/repos/txgh-bot/txgh-test-resources/branches{/branch}",
    "tags_url": "https://api.github.com/repos/txgh-bot/txgh-test-resources/tags",
    "blobs_url": "https://api.github.com/repos/txgh-bot/txgh-test-resources/git/blobs{/sha}",
    "git_tags_url": "https://api.github.com/repos/txgh-bot/txgh-test-resources/git/tags{/sha}",
    "git_refs_url": "https://api.github.com/repos/txgh-bot/txgh-test-resources/git/refs{/sha}",
    "trees_url": "https://api.github.com/repos/txgh-bot/txgh-test-resources/git/trees{/sha}",
    "statuses_url": "https://api.github.com/repos/txgh-bot/txgh-test-resources/statuses/{sha}",
    "languages_url": "https://api.github.com/repos/txgh-bot/txgh-test-resources/languages",
    "stargazers_url": "https://api.github.com/repos/txgh-bot/txgh-test-resources/stargazers",
    "contributors_url": "https://api.github.com/repos/txgh-bot/txgh-test-resources/contributors",
    "subscribers_url": "https://api.github.com/repos/txgh-bot/txgh-test-resources/subscribers",
    "subscription_url": "https://api.github.com/repos/txgh-bot/txgh-test-resources/subscription",
    "commits_url": "https://api.github.com/repos/txgh-bot/txgh-test-resources/commits{/sha}",
    "git_commits_url": "https://api.github.com/repos/txgh-bot/txgh-test-resources/git/commits{/sha}",
    "comments_url": "https://api.github.com/repos/txgh-bot/txgh-test-resources/comments{/number}",
    "issue_comment_url": "https://api.github.com/repos/txgh-bot/txgh-test-resources/issues/comments{/number}",
    "contents_url": "https://api.github.com/repos/txgh-bot/txgh-test-resources/contents/{+path}",
    "compare_url": "https://api.github.com/repos/txgh-bot/txgh-test-resources/compare/{base}...{head}",
    "merges_url": "https://api.github.com/repos/txgh-bot/txgh-test-resources/merges",
    "archive_url": "https://api.github.com/repos/txgh-bot/txgh-test-resources/{archive_format}{/ref}",
    "downloads_url": "https://api.github.com/repos/txgh-bot/txgh-test-resources/downloads",
    "issues_url": "https://api.github.com/repos/txgh-bot/txgh-test-resources/issues{/number}",
    "pulls_url": "https://api.github.com/repos/txgh-bot/txgh-test-resources/pulls{/number}",
    "milestones_url": "https://api.github.com/repos/txgh-bot/txgh-test-resources/milestones{/number}",
    "notifications_url": "https://api.github.com/repos/txgh-bot/txgh-test-resources/notifications{?since,all,participating}",
    "labels_url": "https://api.github.com/repos/txgh-bot/txgh-test-resources/labels{/name}",
    "releases_url": "https://api.github.com/repos/txgh-bot/txgh-test-resources/releases{/id}",
    "created_at": 1441114620,
    "updated_at": "2015-09-01T13:37:00Z",
    "pushed_at": 1444539817,
    "git_url": "git://github.com/txgh-bot/txgh-test-resources.git",
    "ssh_url": "git@github.com:txgh-bot/txgh-test-resources.git",
    "clone_url": "https://github.com/txgh-bot/txgh-test-resources.git",
    "svn_url": "https://github.com/txgh-bot/txgh-test-resources",
    "homepage": null,
    "size": 204,
    "stargazers_count": 0,
    "watchers_count": 0,
    "language": null,
    "has_issues": true,
    "has_downloads": true,
    "has_wiki": true,
    "has_pages": false,
    "forks_count": 0,
    "mirror_url": null,
    "open_issues_count": 0,
    "forks": 0,
    "open_issues": 0,
    "watchers": 0,
    "default_branch": "master",
    "stargazers": 0,
    "master_branch": "master"
  },
  "pusher": {
    "name": "txgh-bot",
    "email": "txgh.bot@gmail.com"
  },
  "sender": {
    "login": "txgh-bot",
    "id": 974299,
    "avatar_url": "https://avatars.githubusercontent.com/u/974299?v=3",
    "gravatar_id": "",
    "url": "https://api.github.com/users/txgh-bot",
    "html_url": "https://github.com/txgh-bot",
    "followers_url": "https://api.github.com/users/txgh-bot/followers",
    "following_url": "https://api.github.com/users/txgh-bot/following{/other_user}",
    "gists_url": "https://api.github.com/users/txgh-bot/gists{/gist_id}",
    "starred_url": "https://api.github.com/users/txgh-bot/starred{/owner}{/repo}",
    "subscriptions_url": "https://api.github.com/users/txgh-bot/subscriptions",
    "organizations_url": "https://api.github.com/users/txgh-bot/orgs",
    "repos_url": "https://api.github.com/users/txgh-bot/repos",
    "events_url": "https://api.github.com/users/txgh-bot/events{/privacy}",
    "received_events_url": "https://api.github.com/users/txgh-bot/received_events",
    "type": "User",
    "site_admin": false
  }
}
